<xml>
    <animation>
        <images>
            <image src='gfx/crusher.png' id='0' x='0' y='0' width='16' height='48'/>
            <image src='gfx/crusher.png' id='1' x='16' y='0' width='16' height='48'/>
            <image src='gfx/crusher.png' id='2' x='32' y='0' width='16' height='48'/>
            <image src='gfx/crusher.png' id='3' x='48' y='0' width='16' height='48'/>
        </images>
        <frames>
            <frame id='0' offsetx='0' offsety='0' duration='20'/>
            <frame id='1' offsetx='0' offsety='0' duration='1'/>
            <frame id='2' offsetx='0' offsety='0' duration='1'/>
            <frame id='3' offsetx='0' offsety='0' duration='20'/>
            <frame id='2' offsetx='0' offsety='0' duration='1'/>
            <frame id='1' offsetx='0' offsety='0' duration='1'/>
            <frame id='0' offsetx='0' offsety='0' duration='20'/>
        </frames>
    </animation>
</xml>


