<xml>
    <animation>
        <images>
            <image src='gfx/object009.png' id='0' x='0' y='0' width='32' height='64'/>
            <image src='gfx/object009.png' id='1' x='32' y='0' width='32' height='64'/>
            <image src='gfx/object009.png' id='2' x='64' y='0' width='32' height='64'/>
        </images>
        <frames>
            <frame id='0' offsetx='0' offsety='0' duration='1'/>
            <frame id='1' offsetx='0' offsety='0' duration='1'/>
            <frame id='2' offsetx='0' offsety='0' duration='1'/>
        </frames>
    </animation>
</xml>

