<xml>
    <animation>
        <images>
            <image src='gfx/object008.png' id='0' x='0' y='0' width='8' height='16'/>
            <image src='gfx/object008.png' id='1' x='8' y='0' width='8' height='16'/>
            <image src='gfx/object008.png' id='2' x='16' y='0' width='8' height='16'/>
            <image src='gfx/object008.png' id='3' x='24' y='0' width='8' height='16'/>
        </images>
        <frames>
            <frame id='0' offsetx='0' offsety='0' duration='1'/>
            <frame id='1' offsetx='0' offsety='0' duration='1'/>
            <frame id='2' offsetx='0' offsety='0' duration='1'/>
            <frame id='3' offsetx='0' offsety='0' duration='1'/>
        </frames>
    </animation>
</xml>

