<xml>
    <animation>
        <images>
            <image src='gfx/object010.png' id='0' x='0' y='0' width='32' height='16'/>
            <image src='gfx/object010.png' id='1' x='0' y='16' width='32' height='16'/>
            <image src='gfx/object010.png' id='2' x='0' y='32' width='32' height='16'/>
            <image src='gfx/object010.png' id='3' x='0' y='48' width='32' height='16'/>
        </images>
        <frames>
            <frame id='0' offsetx='0' offsety='0' duration='5'/>
            <frame id='1' offsetx='0' offsety='0' duration='5'/>
            <frame id='2' offsetx='0' offsety='0' duration='5'/>
            <frame id='3' offsetx='0' offsety='0' duration='5'/>
        </frames>
    </animation>
</xml>

