<xml>
    <animation>
        <images>
            <image src='gfx/powerups.png' id='0' x='70' y='0' width='10' height='10'/>
            <image src='gfx/powerups.png' id='1' x='60' y='0' width='10' height='10'/>
            <image src='gfx/powerups.png' id='2' x='50' y='0' width='10' height='10'/>
            <image src='gfx/powerups.png' id='3' x='40' y='0' width='10' height='10'/>
        </images>
        <frames>
            <frame id='0' offsetx='0' offsety='0' duration='5'/>
            <frame id='1' offsetx='0' offsety='0' duration='5'/>
            <frame id='2' offsetx='0' offsety='0' duration='5'/>
            <frame id='3' offsetx='0' offsety='0' duration='5'/>
        </frames>
    </animation>
</xml>

