<root>
    <resource type='font' name='font' src='fonts/font_white.png' rows='4' columns='32'/>
    <resource type='level' name='level01' src='levels/level01.tmx'/>
    <resource type='level' name='level02' src='levels/level02.tmx'/>
    <resource type='gfx' name='logo' src='gfx/logo.png' x='0' y='0' width='76' height='45'/>
    <resource type='gfx' name='dither0' src='gfx/dither.png' x='0' y='0' width='8' height='8'/>
    <resource type='gfx' name='dither1' src='gfx/dither.png' x='8' y='0' width='8' height='8'/>
    <resource type='gfx' name='dither2' src='gfx/dither.png' x='16' y='0' width='8' height='8'/>
    <resource type='gfx' name='dither3' src='gfx/dither.png' x='24' y='0' width='8' height='8'/>
    <resource type='gfx' name='dither4' src='gfx/dither.png' x='32' y='0' width='8' height='8'/>
    <resource type='gfx' name='dither5' src='gfx/dither.png' x='40' y='0' width='8' height='8'/>
    <resource type='gfx' name='menu' src='gfx/menu.png' x='0' y='0' width='360' height='225'/>
    <resource type='gfx' name='star0' src='gfx/stars.png' x='0' y='0' width='8' height='8'/>
    <resource type='gfx' name='star1' src='gfx/stars.png' x='8' y='0' width='8' height='8'/>
    <resource type='gfx' name='star2' src='gfx/stars.png' x='16' y='0' width='8' height='8'/>
    <resource type='gfx' name='star3' src='gfx/stars.png' x='24' y='0' width='8' height='8'/>
    <resource type='gfx' name='star4' src='gfx/stars.png' x='32' y='0' width='8' height='8'/>
    <resource type='gfx' name='star5' src='gfx/stars.png' x='40' y='0' width='8' height='8'/>
    <resource type='gfx' name='star6' src='gfx/stars.png' x='48' y='0' width='8' height='8'/>
    <resource type='gfx' name='star7' src='gfx/stars.png' x='56' y='0' width='8' height='8'/>
    <resource type='gfx' name='star8' src='gfx/stars.png' x='64' y='0' width='8' height='8'/>
    <resource type='gfx' name='star9' src='gfx/stars.png' x='72' y='0' width='8' height='8'/>
    <resource type='gfx' name='panel0' src='gfx/panel.png' x='0' y='0' width='8' height='8'/>
    <resource type='gfx' name='panel1' src='gfx/panel.png' x='8' y='0' width='8' height='8'/>
    <resource type='gfx' name='panel2' src='gfx/panel.png' x='16' y='0' width='8' height='8'/>
    <resource type='gfx' name='panel3' src='gfx/panel.png' x='0' y='8' width='8' height='8'/>
    <resource type='gfx' name='panel4' src='gfx/panel.png' x='8' y='8' width='8' height='8'/>
    <resource type='gfx' name='panel5' src='gfx/panel.png' x='16' y='8' width='8' height='8'/>
    <resource type='gfx' name='panel6' src='gfx/panel.png' x='0' y='16' width='8' height='8'/>
    <resource type='gfx' name='panel7' src='gfx/panel.png' x='8' y='16' width='8' height='8'/>
    <resource type='gfx' name='panel8' src='gfx/panel.png' x='16' y='16' width='8' height='8'/>
    <resource type='gfx' name='marcador' src='gfx/marcador.png' x='0' y='0' width='256' height='48'/>
    <resource type='gfx' name='player0' src='gfx/player.png' x='0' y='0' width='16' height='16'/>
    <resource type='gfx' name='player1' src='gfx/player.png' x='16' y='0' width='16' height='16'/>
    <resource type='gfx' name='player2' src='gfx/player.png' x='32' y='0' width='16' height='16'/>
    <resource type='gfx' name='player3' src='gfx/player.png' x='48' y='0' width='16' height='16'/>
    <resource type='gfx' name='player4' src='gfx/player.png' x='64' y='0' width='16' height='16'/>
    <resource type='gfx' name='player5' src='gfx/player.png' x='80' y='0' width='16' height='16'/>
    <resource type='gfx' name='player6' src='gfx/player.png' x='96' y='0' width='16' height='16'/>
    <resource type='gfx' name='player7' src='gfx/player.png' x='112' y='0' width='16' height='16'/>
    <resource type='gfx' name='player8' src='gfx/player.png' x='128' y='0' width='16' height='16'/>
    <resource type='gfx' name='player9' src='gfx/player.png' x='144' y='0' width='16' height='16'/>
    <resource type='gfx' name='player10' src='gfx/player.png' x='160' y='0' width='16' height='16'/>
    <resource type='gfx' name='player11' src='gfx/player.png' x='192' y='0' width='16' height='16'/>
    <resource type='gfx' name='player12' src='gfx/player.png' x='208' y='0' width='16' height='16'/>
    <resource type='gfx' name='player13' src='gfx/player.png' x='224' y='0' width='16' height='16'/>
    <resource type='gfx' name='player14' src='gfx/player.png' x='240' y='0' width='16' height='16'/>
    <resource type='music' name='ingame_song' src='music/ingame.xm'/>
    <resource type='music' name='menu_song' src='music/menu.xm'/>
    <resource type='sample' name='level01_song' src='music/level01_song.ogg'/>
    <resource type='sample' name='logo_sound' src='samples/logo.ogg'/>
</root>
