<root>
    <resource type='gfx' name='logo' src='gfx/logo.png' x='0' y='0' width='76' height='45'/>
    <resource type='gfx' name='dither0' src='gfx/dither.png' x='0' y='0' width='8' height='8'/>
    <resource type='gfx' name='dither1' src='gfx/dither.png' x='8' y='0' width='8' height='8'/>
    <resource type='gfx' name='dither2' src='gfx/dither.png' x='16' y='0' width='8' height='8'/>
    <resource type='gfx' name='dither3' src='gfx/dither.png' x='24' y='0' width='8' height='8'/>
    <resource type='gfx' name='dither4' src='gfx/dither.png' x='32' y='0' width='8' height='8'/>
    <resource type='gfx' name='dither5' src='gfx/dither.png' x='40' y='0' width='8' height='8'/>
    <resource type='gfx' name='menu' src='gfx/menu.png' x='0' y='0' width='505' height='225'/>
    <resource type='gfx' name='planet' src='gfx/planet.png' x='0' y='0' width='93' height='63'/>
    <resource type='gfx' name='title0' src='gfx/planet.png' x='93' y='0' width='50' height='12'/>
    <resource type='gfx' name='title1' src='gfx/planet.png' x='93' y='12' width='50' height='12'/>
    <resource type='gfx' name='title2' src='gfx/planet.png' x='93' y='24' width='50' height='12'/>
    <resource type='gfx' name='title3' src='gfx/planet.png' x='93' y='36' width='50' height='12'/>
    <resource type='gfx' name='title4' src='gfx/planet.png' x='93' y='48' width='50' height='12'/>
    <resource type='gfx' name='sun' src='gfx/planet.png' x='143' y='0' width='29' height='26'/>
    <resource type='gfx' name='plant' src='gfx/planet.png' x='143' y='30' width='41' height='33'/>
    <resource type='gfx' name='star0' src='gfx/stars.png' x='0' y='0' width='8' height='8'/>
    <resource type='gfx' name='star1' src='gfx/stars.png' x='8' y='0' width='8' height='8'/>
    <resource type='gfx' name='star2' src='gfx/stars.png' x='16' y='0' width='8' height='8'/>
    <resource type='gfx' name='star3' src='gfx/stars.png' x='24' y='0' width='8' height='8'/>
    <resource type='gfx' name='star4' src='gfx/stars.png' x='32' y='0' width='8' height='8'/>
    <resource type='gfx' name='star5' src='gfx/stars.png' x='40' y='0' width='8' height='8'/>
    <resource type='gfx' name='star6' src='gfx/stars.png' x='48' y='0' width='8' height='8'/>
    <resource type='gfx' name='star7' src='gfx/stars.png' x='56' y='0' width='8' height='8'/>
    <resource type='gfx' name='star8' src='gfx/stars.png' x='64' y='0' width='8' height='8'/>
    <resource type='gfx' name='star9' src='gfx/stars.png' x='72' y='0' width='8' height='8'/>
    <resource type='gfx' name='star10' src='gfx/stars.png' x='80' y='0' width='8' height='8'/>
    <resource type='gfx' name='star11' src='gfx/stars.png' x='88' y='0' width='8' height='8'/>
    <resource type='gfx' name='panel0' src='gfx/panel.png' x='0' y='0' width='8' height='8'/>
    <resource type='gfx' name='panel1' src='gfx/panel.png' x='8' y='0' width='8' height='8'/>
    <resource type='gfx' name='panel2' src='gfx/panel.png' x='16' y='0' width='8' height='8'/>
    <resource type='gfx' name='panel3' src='gfx/panel.png' x='0' y='8' width='8' height='8'/>
    <resource type='gfx' name='panel4' src='gfx/panel.png' x='8' y='8' width='8' height='8'/>
    <resource type='gfx' name='panel5' src='gfx/panel.png' x='16' y='8' width='8' height='8'/>
    <resource type='gfx' name='panel6' src='gfx/panel.png' x='0' y='16' width='8' height='8'/>
    <resource type='gfx' name='panel7' src='gfx/panel.png' x='8' y='16' width='8' height='8'/>
    <resource type='gfx' name='panel8' src='gfx/panel.png' x='16' y='16' width='8' height='8'/>
    <resource type='gfx' name='cursor' src='gfx/panel.png' x='24' y='0' width='8' height='8'/>
    <resource type='gfx' name='font_dither' src='gfx/panel.png' x='32' y='0' width='8' height='32'/>
    <resource type='gfx' name='board' src='gfx/board.png' x='0' y='0' width='256' height='48'/>
    <resource type='gfx' name='player0' src='gfx/player.png' x='0' y='0' width='16' height='16'/>
    <resource type='gfx' name='player1' src='gfx/player.png' x='16' y='0' width='16' height='16'/>
    <resource type='gfx' name='player2' src='gfx/player.png' x='32' y='0' width='16' height='16'/>
    <resource type='gfx' name='player3' src='gfx/player.png' x='48' y='0' width='16' height='16'/>
    <resource type='gfx' name='player4' src='gfx/player.png' x='64' y='0' width='16' height='16'/>
    <resource type='gfx' name='player5' src='gfx/player.png' x='80' y='0' width='16' height='16'/>
    <resource type='gfx' name='player6' src='gfx/player.png' x='96' y='0' width='16' height='16'/>
    <resource type='gfx' name='player7' src='gfx/player.png' x='112' y='0' width='16' height='16'/>
    <resource type='gfx' name='player8' src='gfx/player.png' x='128' y='0' width='16' height='16'/>
    <resource type='gfx' name='player9' src='gfx/player.png' x='144' y='0' width='16' height='16'/>
    <resource type='gfx' name='player10' src='gfx/player.png' x='160' y='0' width='16' height='16'/>
    <resource type='gfx' name='player11' src='gfx/player.png' x='192' y='0' width='16' height='16'/>
    <resource type='gfx' name='player12' src='gfx/player.png' x='208' y='0' width='16' height='16'/>
    <resource type='gfx' name='player13' src='gfx/player.png' x='224' y='0' width='16' height='16'/>
    <resource type='gfx' name='player14' src='gfx/player.png' x='240' y='0' width='16' height='16'/>
    <resource type='gfx' name='playerhit0' src='gfx/player.png' x='0' y='0' width='16' height='16'/>
    <resource type='gfx' name='playerhit1' src='gfx/player.png' x='80' y='16' width='16' height='16'/>
    <resource type='gfx' name='playerhit2' src='gfx/player.png' x='96' y='16' width='16' height='16'/>
    <resource type='gfx' name='playerhit3' src='gfx/player.png' x='112' y='16' width='16' height='16'/>
    <resource type='gfx' name='playerhit4' src='gfx/player.png' x='128' y='16' width='16' height='16'/>
    <resource type='gfx' name='playerhit5' src='gfx/player.png' x='144' y='16' width='16' height='16'/>
    <resource type='gfx' name='playerhit6' src='gfx/player.png' x='160' y='16' width='16' height='16'/>
    <resource type='gfx' name='playerhit7' src='gfx/player.png' x='176' y='16' width='16' height='16'/>
    <resource type='gfx' name='playerhit8' src='gfx/player.png' x='192' y='16' width='16' height='16'/>
    <resource type='gfx' name='playerrecovery0' src='gfx/player.png' x='0' y='32' width='48' height='48'/>
    <resource type='gfx' name='playerrecovery1' src='gfx/player.png' x='48' y='32' width='48' height='48'/>
    <resource type='gfx' name='playerrecovery2' src='gfx/player.png' x='96' y='32' width='48' height='48'/>
    <resource type='gfx' name='playerrecovery3' src='gfx/player.png' x='144' y='32' width='48' height='48'/>
    <resource type='gfx' name='shoot0' src='gfx/player.png' x='0' y='16' width='8' height='16'/>
    <resource type='gfx' name='shoot1' src='gfx/player.png' x='8' y='16' width='8' height='16'/>
    <resource type='gfx' name='shoot2' src='gfx/player.png' x='16' y='16' width='8' height='16'/>
    <resource type='gfx' name='shoot3' src='gfx/player.png' x='24' y='16' width='4' height='16'/>
    <resource type='gfx' name='shoot4' src='gfx/player.png' x='32' y='16' width='4' height='16'/>
    <resource type='gfx' name='shoot5' src='gfx/player.png' x='40' y='16' width='4' height='16'/>
    <resource type='gfx' name='shoot6' src='gfx/player.png' x='48' y='16' width='8' height='16'/>
    <resource type='gfx' name='shoot7' src='gfx/player.png' x='56' y='16' width='8' height='16'/>
    <resource type='gfx' name='shoot8' src='gfx/player.png' x='64' y='16' width='8' height='16'/>
    <resource type='gfx' name='smoke0' src='gfx/particles.png' x='0' y='0' width='8' height='8'/>
    <resource type='gfx' name='smoke1' src='gfx/particles.png' x='8' y='0' width='8' height='8'/>
    <resource type='gfx' name='smoke2' src='gfx/particles.png' x='16' y='0' width='8' height='8'/>
    <resource type='gfx' name='smoke3' src='gfx/particles.png' x='24' y='0' width='8' height='8'/>
    <resource type='gfx' name='smoke4' src='gfx/particles.png' x='32' y='0' width='8' height='8'/>
    <resource type='gfx' name='smoke5' src='gfx/particles.png' x='40' y='0' width='8' height='8'/>
    <resource type='gfx' name='smoke6' src='gfx/particles.png' x='48' y='0' width='8' height='8'/>
    <resource type='gfx' name='smoke7' src='gfx/particles.png' x='56' y='0' width='8' height='8'/>
    <resource type='gfx' name='hit0' src='gfx/particles.png' x='0' y='8' width='8' height='8'/>
    <resource type='gfx' name='hit1' src='gfx/particles.png' x='8' y='8' width='8' height='8'/>
    <resource type='gfx' name='hit2' src='gfx/particles.png' x='16' y='8' width='8' height='8'/>
    <resource type='gfx' name='exp0' src='gfx/particles.png' x='0' y='16' width='32' height='32'/>
    <resource type='gfx' name='exp1' src='gfx/particles.png' x='32' y='16' width='32' height='32'/>
    <resource type='gfx' name='exp2' src='gfx/particles.png' x='64' y='16' width='32' height='32'/>
    <resource type='gfx' name='exp3' src='gfx/particles.png' x='96' y='16' width='32' height='32'/>
    <resource type='gfx' name='exp4' src='gfx/particles.png' x='128' y='16' width='32' height='32'/>
    <resource type='gfx' name='exp5' src='gfx/particles.png' x='160' y='16' width='32' height='32'/>
    <resource type='gfx' name='bluebar0' src='gfx/board.png' x='136' y='17' width='2' height='6'/>
    <resource type='gfx' name='bluebar1' src='gfx/board.png' x='138' y='17' width='1' height='6'/>
    <resource type='gfx' name='bluebar2' src='gfx/board.png' x='139' y='17' width='2' height='6'/>
    <resource type='gfx' name='greenbar0' src='gfx/board.png' x='136' y='25' width='2' height='6'/>
    <resource type='gfx' name='greenbar1' src='gfx/board.png' x='138' y='25' width='1' height='6'/>
    <resource type='gfx' name='greenbar2' src='gfx/board.png' x='139' y='25' width='2' height='6'/>
    <resource type='gfx' name='redbar0' src='gfx/board.png' x='136' y='33' width='2' height='6'/>
    <resource type='gfx' name='redbar1' src='gfx/board.png' x='138' y='33' width='1' height='6'/>
    <resource type='gfx' name='redbar2' src='gfx/board.png' x='139' y='33' width='2' height='6'/>
    <resource type='gfx' name='item_tnt' src='gfx/inventory.png' x='0' y='0' width='16' height='16'/>
    <resource type='gfx' name='item_key' src='gfx/inventory.png' x='0' y='16' width='16' height='16'/>
    <resource type='gfx' name='item_drill' src='gfx/inventory.png' x='0' y='32' width='16' height='16'/>
    <resource type='gfx' name='item_waste' src='gfx/inventory.png' x='0' y='48' width='16' height='16'/>
    <resource type='gfx' name='item_barrel' src='gfx/inventory.png' x='0' y='64' width='16' height='16'/>
    <resource type='gfx' name='item_battery' src='gfx/inventory.png' x='0' y='80' width='16' height='16'/>
    <resource type='gfx' name='item_teleport_pass' src='gfx/inventory.png' x='0' y='96' width='16' height='16'/>
    <resource type='gfx' name='item_bomb' src='gfx/inventory.png' x='0' y='112' width='16' height='16'/>
    <resource type='gfx' name='item_detonator' src='gfx/inventory.png' x='0' y='144' width='16' height='16'/>
    <resource type='gfx' name='item_fuse' src='gfx/inventory.png' x='0' y='160' width='16' height='16'/>
    <resource type='gfx' name='item_card' src='gfx/inventory.png' x='0' y='176' width='16' height='16'/>
    <resource type='sample' name='thrustup' src='samples/thrustup.ogg'/>
    <resource type='sample' name='bulletsup' src='samples/bulletsup.ogg'/>
    <resource type='sample' name='pickup' src='samples/pickup.ogg'/>
    <resource type='sample' name='laser' src='samples/laser.ogg'/>
    <resource type='sample' name='blip' src='samples/blip.ogg'/>
    <resource type='sample' name='cancel' src='samples/cancel.ogg'/>
    <resource type='sample' name='accept' src='samples/accept.ogg'/>
    <resource type='sample' name='logo_sound' src='samples/logo.ogg'/>
    <resource type='sample' name='exp' src='samples/exp.ogg'/>
    <resource type='sample' name='level01_song' src='music/level01_song.ogg'/>
    <resource type='music' name='ingame_song' src='music/ingame.xm'/>
    <resource type='music' name='menu_song' src='music/menu.xm'/>
    <resource type='font' name='font_white' src='fonts/font_white.png' rows='4' columns='32'/>
    <resource type='font' name='font_blue' src='fonts/font_blue.png' rows='4' columns='32'/>
    <resource type='font' name='font_yellow' src='fonts/font_yellow.png' rows='4' columns='32'/>
    <resource type='level' name='level01' src='levels/level01.tmx'/>
    <resource type='animation' name='object000' src='animations/object000.xml'/>
    <resource type='animation' name='object001' src='animations/object001.xml'/>
    <resource type='animation' name='object002' src='animations/object002.xml'/>
    <resource type='animation' name='object003' src='animations/object003.xml'/>
    <resource type='animation' name='object004' src='animations/object004.xml'/>
    <resource type='animation' name='object005' src='animations/object005.xml'/>
    <resource type='animation' name='object006' src='animations/object006.xml'/>
    <resource type='animation' name='object007' src='animations/object007.xml'/>
    <resource type='animation' name='object008' src='animations/object008.xml'/>
    <resource type='animation' name='battery' src='animations/battery.xml'/>
    <resource type='animation' name='barrel' src='animations/barrel.xml'/>
    <resource type='animation' name='drill' src='animations/drill.xml'/>
    <resource type='animation' name='waste' src='animations/waste.xml'/>
    <resource type='animation' name='teleport_pass' src='animations/teleport_pass.xml'/>
    <resource type='animation' name='key' src='animations/key.xml'/>
    <resource type='animation' name='lock_door' src='animations/lock_door.xml'/>
    <resource type='animation' name='lock_dirt' src='animations/lock_dirt.xml'/>
    <resource type='animation' name='lock_block' src='animations/lock_block.xml'/>
    <resource type='animation' name='drop' src='animations/drop.xml'/>
    <resource type='animation' name='tnt' src='animations/tnt.xml'/>
</root>
